"id","minx","miny","maxx","maxy"
"0","-74.30678","39.48623","-73.97124","40.47837"
"1","-74.30678","39.48623","-73.97124","40.47837"
"2","-74.30678","39.48623","-73.97124","40.47837"
"3","-74.30678","39.48623","-73.97124","40.47837"
"4","-74.30678","39.48623","-73.97124","40.47837"
"5","-74.30678","39.48623","-73.97124","40.47837"
"6","-8652638.5527037","4414067.3024835","-8156103.6170323","4707585.4910577"
"7","-8652638.5527037","4414067.3024835","-8156103.6170323","4707585.4910577"
"8","-74.30678","39.48623","-73.97124","40.47837"