"id","x","y"
"0","-8404371.084868","4560826.3967706"
"1","-8404371.084868","4560826.3967706"

