"id","x","y"
"1","-8404371.084868","4560826.3967706"
"2","-8404371.084868","4560826.3967706"

